Number,PacketLost,Timestamp
1,false,1716366839527
2,false,1716366839528
3,false,1716366839529
4,false,1716366839530
5,false,1716366839531
6,false,1716366839532
7,false,1716366839533
8,false,1716366839534
9,false,1716366839535
10,false,1716366839536
11,false,1716366839537
12,false,1716366839538
13,false,1716366839539
14,false,1716366839540
15,false,1716366839541
16,false,1716366839542
17,false,1716366839543
18,false,1716366839544
19,false,1716366839545
20,false,1716366839546
21,false,1716366839547
22,false,1716366839548
23,false,1716366839549
24,false,1716366839550
25,false,1716366839551
26,false,1716366839552
27,false,1716366839553
28,false,1716366839554
29,false,1716366839555
30,false,1716366839556
1,false,1716366839529
2,false,1716366839530
3,false,1716366839531
4,false,1716366839532
5,false,1716366839533
6,false,1716366839534
7,false,1716366839535
8,false,1716366839536
9,false,1716366839537
10,false,1716366839538
11,false,1716366839539
12,false,1716366839540
13,false,1716366839541
14,false,1716366839542
15,false,1716366839543
16,false,1716366839544
17,false,1716366839545
18,false,1716366839546
19,false,1716366839547
20,false,1716366839548
21,false,1716366839549
22,false,1716366839550
23,false,1716366839551
24,false,1716366839552
25,false,1716366839553
26,false,1716366839554
27,false,1716366839555
28,false,1716366839556
29,false,1716366839557
30,false,1716366839558
1,false,1716366839529
2,false,1716366839530
3,false,1716366839531
4,false,1716366839532
5,false,1716366839533
6,false,1716366839534
7,false,1716366839535
8,false,1716366839536
9,false,1716366839537
10,false,1716366839538
11,false,1716366839539
12,false,1716366839540
13,false,1716366839541
14,false,1716366839542
15,false,1716366839543
16,false,1716366839544
17,false,1716366839545
18,false,1716366839546
19,false,1716366839547
20,false,1716366839548
21,false,1716366839549
22,false,1716366839550
23,false,1716366839551
24,false,1716366839552
25,false,1716366839553
26,false,1716366839554
27,false,1716366839555
28,false,1716366839556
29,false,1716366839557
30,false,1716366839558
1,false,1716366839528
2,false,1716366839529
3,false,1716366839530
4,false,1716366839531
5,false,1716366839532
6,false,1716366839533
7,false,1716366839534
8,false,1716366839535
9,false,1716366839536
10,false,1716366839537
11,false,1716366839538
12,false,1716366839539
13,false,1716366839540
14,false,1716366839541
15,false,1716366839542
16,false,1716366839543
17,false,1716366839544
18,false,1716366839545
19,false,1716366839546
20,false,1716366839547
21,false,1716366839548
22,false,1716366839549
23,false,1716366839550
24,false,1716366839551
25,false,1716366839552
26,false,1716366839553
27,false,1716366839554
28,false,1716366839555
29,false,1716366839556
30,false,1716366839557
1,false,1716366839525
2,false,1716366839526
3,false,1716366839527
4,false,1716366839528
5,false,1716366839529
6,false,1716366839530
7,false,1716366839531
8,false,1716366839532
9,false,1716366839533
10,false,1716366839534
11,false,1716366839535
12,false,1716366839536
13,false,1716366839537
14,false,1716366839538
15,false,1716366839539
16,false,1716366839540
17,false,1716366839541
18,false,1716366839542
19,false,1716366839543
20,false,1716366839544
21,false,1716366839545
22,false,1716366839546
23,false,1716366839547
24,false,1716366839548
25,false,1716366839549
26,false,1716366839550
27,false,1716366839551
28,false,1716366839552
29,false,1716366839553
30,false,1716366839554
1,false,1716366839530
2,false,1716366839531
3,false,1716366839532
4,false,1716366839533
5,false,1716366839534
6,false,1716366839535
7,false,1716366839536
8,false,1716366839537
9,false,1716366839538
10,false,1716366839539
11,false,1716366839540
12,false,1716366839541
13,false,1716366839542
14,false,1716366839543
15,false,1716366839544
16,false,1716366839545
17,false,1716366839546
18,false,1716366839547
19,false,1716366839548
20,false,1716366839549
21,false,1716366839550
22,false,1716366839551
23,false,1716366839552
24,false,1716366839553
25,false,1716366839554
26,false,1716366839555
27,false,1716366839556
28,false,1716366839557
29,false,1716366839558
30,false,1716366839559
1,false,1716366839531
2,false,1716366839532
3,false,1716366839533
4,false,1716366839534
5,false,1716366839535
6,false,1716366839536
7,false,1716366839537
8,false,1716366839538
9,false,1716366839539
10,false,1716366839540
11,false,1716366839541
12,false,1716366839542
13,false,1716366839543
14,false,1716366839544
15,false,1716366839545
16,false,1716366839546
17,false,1716366839547
18,false,1716366839548
19,false,1716366839549
20,false,1716366839550
21,false,1716366839551
22,false,1716366839552
23,false,1716366839553
24,false,1716366839554
25,false,1716366839555
26,false,1716366839556
27,false,1716366839557
28,false,1716366839558
29,false,1716366839559
30,false,1716366839560
1,false,1716366839531
2,false,1716366839532
3,false,1716366839533
4,false,1716366839534
5,false,1716366839535
6,false,1716366839536
7,false,1716366839537
8,false,1716366839538
9,false,1716366839539
10,false,1716366839540
11,false,1716366839541
12,false,1716366839542
13,false,1716366839543
14,false,1716366839544
15,false,1716366839545
16,false,1716366839546
17,false,1716366839547
18,false,1716366839548
19,false,1716366839549
20,false,1716366839550
21,false,1716366839551
22,false,1716366839552
23,false,1716366839553
24,false,1716366839554
25,false,1716366839555
26,false,1716366839556
27,false,1716366839557
28,false,1716366839558
29,false,1716366839559
30,false,1716366839560
1,false,1716366839531
2,false,1716366839532
3,false,1716366839533
4,false,1716366839534
5,false,1716366839535
6,false,1716366839536
7,false,1716366839537
8,false,1716366839538
9,false,1716366839539
10,false,1716366839540
11,false,1716366839541
12,false,1716366839542
13,false,1716366839543
14,false,1716366839544
15,false,1716366839545
16,false,1716366839546
17,false,1716366839547
18,false,1716366839548
19,false,1716366839549
20,false,1716366839550
21,false,1716366839551
22,false,1716366839552
23,false,1716366839553
24,false,1716366839554
25,false,1716366839555
26,false,1716366839556
27,false,1716366839557
28,false,1716366839558
29,false,1716366839559
30,false,1716366839560
1,false,1716366839530
2,false,1716366839531
3,false,1716366839532
4,false,1716366839533
5,false,1716366839534
6,false,1716366839535
7,false,1716366839536
8,false,1716366839537
9,false,1716366839538
10,false,1716366839539
11,false,1716366839540
12,false,1716366839541
13,false,1716366839542
14,false,1716366839543
15,false,1716366839544
16,false,1716366839545
17,false,1716366839546
18,false,1716366839547
19,false,1716366839548
20,false,1716366839549
21,false,1716366839550
22,false,1716366839551
23,false,1716366839552
24,false,1716366839553
25,false,1716366839554
26,false,1716366839555
27,false,1716366839556
28,false,1716366839557
29,false,1716366839558
30,false,1716366839559
